team,number,player,role,started,sub_on,sub_off,minutes,time_on_pitch,passes,passes_completed,pass_acc_pct,prog_passes,prog_passes_att,key_passes,crosses,crosses_completed,long_balls,shots,on_target,goals,xG,npxG,pens_scored,pens_taken,interceptions,recoveries,clearances,blocks,duels_won,duels,aerials_won,aerials,fouls,fouls_suffered,balls_lost,saves,yellow,red
Ascoli,2,Zampardi,outfield,yes,,,96,96:30,102,72,71,6,22,0,7,0,7,0,0,0,0.00,0.00,0,0,21,5,20,5,4,6,10,10,3,3,0,0,0,0
Ascoli,6,Curzi,outfield,yes,,,96,96:30,89,79,89,4,10,0,0,0,6,0,0,0,0.00,0.00,0,0,9,3,18,1,6,6,6,6,1,0,0,0,0,0
Ascoli,3,Bruni,outfield,yes,,,96,96:30,87,63,72,2,14,1,6,0,2,1,0,0,0.01,0.01,0,0,26,3,19,4,11,11,5,5,5,4,1,0,0,0
Ascoli,5,Diamanti F.,outfield,yes,,,96,96:30,82,76,93,0,6,0,0,0,3,1,0,0,0.12,0.12,0,0,8,1,26,2,4,4,6,7,3,0,0,0,0,0
Ascoli,8,Angelino,outfield,yes,,,96,96:30,74,63,85,2,8,1,1,0,0,4,0,0,0.18,0.18,0,0,3,14,0,0,1,2,3,4,3,3,0,0,0,0
Ascoli,4,Russo,outfield,yes,,82:30,85,85:01,67,53,79,5,11,0,2,0,2,2,0,0,0.13,0.13,0,0,6,9,1,0,4,5,1,1,2,2,0,0,0,0
Ascoli,7,Berete,outfield,yes,,82:30,85,85:01,62,44,71,3,13,1,5,1,0,1,1,1,0.43,0.43,0,0,2,6,0,0,1,11,1,8,2,3,4,0,0,0
Ascoli,11,Aloisi,outfield,yes,,61:16,63,63:47,49,28,57,0,9,1,4,0,0,0,0,0,0.00,0.00,0,0,4,3,1,1,0,2,1,6,1,1,1,0,0,0
Ascoli,1,Dente R.,GK,yes,,,96,96:30,35,27,77,3,9,0,0,0,7,0,0,0,0.00,0.00,0,0,0,10,3,0,0,0,0,0,0,0,0,0,0,0
Ascoli,19,Sulli,outfield,no,61:16,,32,32:43,29,19,66,3,11,1,5,0,0,0,0,0,0.00,0.00,0,0,3,5,2,0,0,1,1,4,2,0,0,0,0,0
Ascoli,9,Raimondo,outfield,yes,,82:30,85,85:01,18,11,61,2,3,0,0,0,0,1,1,1,0.10,0.10,0,0,1,0,0,0,1,4,2,10,3,2,1,0,0,0
Ascoli,10,Dente G.,outfield,yes,,69:01,71,71:32,17,12,71,2,4,1,1,0,0,2,1,0,0.11,0.11,0,0,0,1,0,0,0,3,0,1,2,1,0,0,0,0
Ascoli,21,Di Mattia,outfield,no,69:01,,24,24:58,6,3,50,0,0,0,0,0,0,2,0,0,0.06,0.06,0,0,0,1,0,0,0,0,0,1,0,3,0,0,0,0
Ascoli,15,Cicchitti,outfield,no,82:30,,11,11:29,4,4,100,2,2,0,0,0,1,0,0,0,0.00,0.00,0,0,0,0,0,0,0,0,1,1,0,0,0,0,0,0
Ascoli,20,Martinelli,outfield,no,82:30,,11,11:29,3,3,100,0,0,0,0,0,0,1,0,0,0.05,0.05,0,0,1,0,0,0,0,1,0,0,0,1,0,0,0,0
Ascoli,18,Balducci,outfield,no,82:30,,11,11:29,0,0,,0,0,0,0,0,0,0,0,0,0.00,0.00,0,0,0,0,0,0,0,0,0,2,0,1,0,0,0,0
Ascoli,,player unclear,,,,,,,16,13,81,1,3,0,0,0,2,0,0,0,0.00,0.00,0,0,5,2,2,0,1,2,0,1,0,1,0,0,0,0
Napoli,5,Picardi,outfield,yes,,,96,96:30,112,102,91,2,9,0,0,0,6,0,0,0,0.00,0.00,0,0,9,4,23,0,2,3,7,9,0,1,0,0,0,0
Napoli,2,Melnyk,outfield,yes,,,96,96:30,109,73,67,4,17,0,6,1,4,0,0,0,0.00,0.00,0,0,20,8,15,3,3,4,8,10,2,2,0,0,0,0
Napoli,3,Liccardo,outfield,yes,,,96,96:30,93,69,74,5,18,0,3,0,1,0,0,0,0.00,0.00,0,0,14,7,16,1,11,12,8,9,3,1,0,0,0,0
Napoli,15,Branchizio,outfield,no,14:27,,82,82:03,88,77,88,0,6,0,0,0,3,0,0,0,0.00,0.00,0,0,6,3,22,1,4,4,4,5,6,2,0,0,0,0
Napoli,4,De Stefano,outfield,yes,,,96,96:30,77,62,81,2,6,0,0,0,2,3,0,0,0.13,0.13,0,0,1,16,0,1,1,2,1,4,4,1,0,0,0,0
Napoli,10,Barido',outfield,yes,,88:10,90,90:41,66,46,70,3,10,0,7,0,1,1,1,1,0.76,0.00,1,1,1,5,0,0,0,10,0,5,4,7,0,0,0,0
Napoli,7,Favicchio,outfield,yes,,,96,96:30,65,41,64,3,12,0,8,0,0,0,0,0,0.00,0.00,0,0,1,6,1,0,2,6,0,10,3,5,1,0,0,0
Napoli,8,Chiummariello,outfield,yes,,54:10,56,56:41,40,33,82,4,5,0,0,0,0,3,0,0,0.12,0.12,0,0,2,8,0,0,0,2,0,0,2,2,0,0,0,0
Napoli,1,Spinelli,GK,yes,,,96,96:30,39,36,92,0,2,0,0,0,2,0,0,0,0.00,0.00,0,0,0,16,1,0,0,0,0,0,0,2,0,1,0,0
Napoli,20,Esposito,outfield,no,54:10,,39,39:49,32,25,78,3,4,1,0,0,0,2,0,0,0.05,0.05,0,0,3,8,0,1,1,1,0,1,0,3,0,0,0,0
Napoli,9,Pereyra,outfield,yes,,,96,96:30,19,15,79,1,2,0,0,0,0,1,1,1,0.76,0.00,1,1,1,1,0,1,0,7,1,9,0,1,0,0,0,0
Napoli,6,Zappala',outfield,yes,,14:27,14,14:27,19,17,89,0,1,0,0,0,0,0,0,0,0.00,0.00,0,0,2,1,1,0,0,0,0,0,0,0,0,0,0,0
Napoli,18,Riccio,outfield,no,54:10,,39,39:49,7,2,29,0,0,0,1,0,0,0,0,0,0.00,0.00,0,0,0,2,0,0,0,3,0,2,0,0,0,0,0,0
Napoli,11,Mane',outfield,yes,,54:10,56,56:41,6,4,67,0,1,0,0,0,0,0,0,0,0.00,0.00,0,0,0,0,0,0,0,2,0,2,0,0,0,0,0,0
Napoli,19,Pengue,outfield,no,88:10,,5,05:49,2,2,100,0,0,0,0,0,0,0,0,0,0.00,0.00,0,0,0,0,0,0,0,0,0,0,0,0,0,0,0,0
Napoli,,player unclear,,,,,,,21,12,57,1,4,0,0,0,1,0,0,0,0.00,0.00,0,0,1,2,2,0,1,2,1,1,1,0,0,0,0,0
