stat,Ascoli,Napoli
Goals,2,2
xG (estimated),1.18,1.82
"npxG (estimated, excl. penalties)",1.18,0.30
Shots (1H),6,6
Shots (2H),9,4
Shots (full match),15,10
Shots on target,3,2
Shot accuracy %,20.0,20.0
Shots (excl. penalties),15,8
On target (excl. penalties),3,0
Shot accuracy % (excl. penalties),20.0,0.0
Penalties (scored/taken),0/0,2/2
Blocked shots,4,4
Missed shots (off target),8,2
Shots with outcome not visible,0,2
Shots inside box,6,3
Shots outside box,9,7
Headed shots,2,0
Possession estimate % (full match),48.0,52.0
Possession estimate % (1H),46.3,53.7
Possession estimate % (2H),49.8,50.2
Share of passes %,48.2,51.8
Passes,740,795
Passes completed,570,616
Pass accuracy % (full match),77.0,77.6
Pass accuracy % (1H),82.2,81.3
Pass accuracy % (2H),71.7,73.3
Key passes,6,1
Progressive passes (completed / attempted),35 / 125,28 / 97
Into final third (completed / attempted),36 / 77,24 / 61
Into box (completed / attempted),3 / 39,3 / 27
Crosses,31 (1 completed),25 (1 completed)
Cutbacks,2 (2 completed),0 (0 completed)
Long balls,30 (6 completed),20 (1 completed)
Through balls,2 (0 completed),0 (0 completed)
Ground duels won,33,25
Ground duels (won / total),33 / 58,25 / 58
Aerial duels won,37,30
Aerial duels (won / total),37 / 67,30 / 67
Interceptions,89,61
Recoveries,63,87
High recoveries,16,15
Balls lost,7,1
Blocks,13,8
Clearances,92,81
GK saves,0,1
Fouls committed,27,25
Fouls won,25,27
Yellow cards,0,0
Red cards,0,0
Offsides,1,0
Corners,7,10
Free kicks,27,37
Throw-ins,44,55
PPDA 1H,7.10,12.96
PPDA 1H numerator / denominator,355/50,324/25
PPDA 1H defensive actions breakdown,31 int + 9 fouls + 10 def. duels won,15 int + 9 fouls + 1 def. duels won
PPDA 2H,7.29,12.70
PPDA 2H numerator / denominator,306/42,254/20
PPDA 2H defensive actions breakdown,29 int + 10 fouls + 3 def. duels won,8 int + 8 fouls + 4 def. duels won
PPDA full match,7.18,12.84
PPDA full match numerator / denominator,661/92,578/45
PPDA full match defensive actions breakdown,60 int + 19 fouls + 13 def. duels won,23 int + 17 fouls + 5 def. duels won
