date,competition,matchday,venue,kickoff,home,away,score,home_system,away_system,home_coach,away_coach,referee,assistant_1,assistant_2,team,side,number,name,birth_year,sheet_role,starter,goals_minute,position_in_system
2026-10-10,Primavera 2,4,Stadio G. Piccolo-Cercola (NA),11:30,Napoli,Pisa,1-0,3-4-2-1,4-4-2,Nocerino Antonio,Veloso Miguel,Guarino Giorgio (Avellino),Longobardi Gaetano (Salerno),Pisani Luigi (Nocera Inferiore),Napoli,home,1,Pugliese,2008,listed,yes,,GK
2026-10-10,Primavera 2,4,Stadio G. Piccolo-Cercola (NA),11:30,Napoli,Pisa,1-0,3-4-2-1,4-4-2,Nocerino Antonio,Veloso Miguel,Guarino Giorgio (Avellino),Longobardi Gaetano (Salerno),Pisani Luigi (Nocera Inferiore),Napoli,home,2,Melnyk,2008,listed,yes,,RWB
2026-10-10,Primavera 2,4,Stadio G. Piccolo-Cercola (NA),11:30,Napoli,Pisa,1-0,3-4-2-1,4-4-2,Nocerino Antonio,Veloso Miguel,Guarino Giorgio (Avellino),Longobardi Gaetano (Salerno),Pisani Luigi (Nocera Inferiore),Napoli,home,3,Zappalà,2009,listed,yes,,LCB
2026-10-10,Primavera 2,4,Stadio G. Piccolo-Cercola (NA),11:30,Napoli,Pisa,1-0,3-4-2-1,4-4-2,Nocerino Antonio,Veloso Miguel,Guarino Giorgio (Avellino),Longobardi Gaetano (Salerno),Pisani Luigi (Nocera Inferiore),Napoli,home,4,De Stefano,2008,captain (K),yes,,RCM
2026-10-10,Primavera 2,4,Stadio G. Piccolo-Cercola (NA),11:30,Napoli,Pisa,1-0,3-4-2-1,4-4-2,Nocerino Antonio,Veloso Miguel,Guarino Giorgio (Avellino),Longobardi Gaetano (Salerno),Pisani Luigi (Nocera Inferiore),Napoli,home,5,Branchizio,2009,listed,yes,,RCB
2026-10-10,Primavera 2,4,Stadio G. Piccolo-Cercola (NA),11:30,Napoli,Pisa,1-0,3-4-2-1,4-4-2,Nocerino Antonio,Veloso Miguel,Guarino Giorgio (Avellino),Longobardi Gaetano (Salerno),Pisani Luigi (Nocera Inferiore),Napoli,home,6,Lieto,2008,listed,yes,,CB
2026-10-10,Primavera 2,4,Stadio G. Piccolo-Cercola (NA),11:30,Napoli,Pisa,1-0,3-4-2-1,4-4-2,Nocerino Antonio,Veloso Miguel,Guarino Giorgio (Avellino),Longobardi Gaetano (Salerno),Pisani Luigi (Nocera Inferiore),Napoli,home,7,Anic,2007,listed,yes,,LCM
2026-10-10,Primavera 2,4,Stadio G. Piccolo-Cercola (NA),11:30,Napoli,Pisa,1-0,3-4-2-1,4-4-2,Nocerino Antonio,Veloso Miguel,Guarino Giorgio (Avellino),Longobardi Gaetano (Salerno),Pisani Luigi (Nocera Inferiore),Napoli,home,8,D'Angelo,2009,listed,yes,,LWB
2026-10-10,Primavera 2,4,Stadio G. Piccolo-Cercola (NA),11:30,Napoli,Pisa,1-0,3-4-2-1,4-4-2,Nocerino Antonio,Veloso Miguel,Guarino Giorgio (Avellino),Longobardi Gaetano (Salerno),Pisani Luigi (Nocera Inferiore),Napoli,home,9,Pengue,2009,listed,yes,,ST
2026-10-10,Primavera 2,4,Stadio G. Piccolo-Cercola (NA),11:30,Napoli,Pisa,1-0,3-4-2-1,4-4-2,Nocerino Antonio,Veloso Miguel,Guarino Giorgio (Avellino),Longobardi Gaetano (Salerno),Pisani Luigi (Nocera Inferiore),Napoli,home,10,Baridò,2008,listed,yes,,RAM
2026-10-10,Primavera 2,4,Stadio G. Piccolo-Cercola (NA),11:30,Napoli,Pisa,1-0,3-4-2-1,4-4-2,Nocerino Antonio,Veloso Miguel,Guarino Giorgio (Avellino),Longobardi Gaetano (Salerno),Pisani Luigi (Nocera Inferiore),Napoli,home,11,Santella,2008,vice-captain (VK),yes,,LAM
2026-10-10,Primavera 2,4,Stadio G. Piccolo-Cercola (NA),11:30,Napoli,Pisa,1-0,3-4-2-1,4-4-2,Nocerino Antonio,Veloso Miguel,Guarino Giorgio (Avellino),Longobardi Gaetano (Salerno),Pisani Luigi (Nocera Inferiore),Napoli,home,12,Spinelli,2008,bench,no,,
2026-10-10,Primavera 2,4,Stadio G. Piccolo-Cercola (NA),11:30,Napoli,Pisa,1-0,3-4-2-1,4-4-2,Nocerino Antonio,Veloso Miguel,Guarino Giorgio (Avellino),Longobardi Gaetano (Salerno),Pisani Luigi (Nocera Inferiore),Napoli,home,13,Lepre,2009,bench,no,,
2026-10-10,Primavera 2,4,Stadio G. Piccolo-Cercola (NA),11:30,Napoli,Pisa,1-0,3-4-2-1,4-4-2,Nocerino Antonio,Veloso Miguel,Guarino Giorgio (Avellino),Longobardi Gaetano (Salerno),Pisani Luigi (Nocera Inferiore),Napoli,home,14,Marotta,2008,bench,no,,
2026-10-10,Primavera 2,4,Stadio G. Piccolo-Cercola (NA),11:30,Napoli,Pisa,1-0,3-4-2-1,4-4-2,Nocerino Antonio,Veloso Miguel,Guarino Giorgio (Avellino),Longobardi Gaetano (Salerno),Pisani Luigi (Nocera Inferiore),Napoli,home,15,Natale,2009,bench,no,,
2026-10-10,Primavera 2,4,Stadio G. Piccolo-Cercola (NA),11:30,Napoli,Pisa,1-0,3-4-2-1,4-4-2,Nocerino Antonio,Veloso Miguel,Guarino Giorgio (Avellino),Longobardi Gaetano (Salerno),Pisani Luigi (Nocera Inferiore),Napoli,home,16,Liccardo,2009,bench,no,,
2026-10-10,Primavera 2,4,Stadio G. Piccolo-Cercola (NA),11:30,Napoli,Pisa,1-0,3-4-2-1,4-4-2,Nocerino Antonio,Veloso Miguel,Guarino Giorgio (Avellino),Longobardi Gaetano (Salerno),Pisani Luigi (Nocera Inferiore),Napoli,home,17,Candela,2008,bench,no,,
2026-10-10,Primavera 2,4,Stadio G. Piccolo-Cercola (NA),11:30,Napoli,Pisa,1-0,3-4-2-1,4-4-2,Nocerino Antonio,Veloso Miguel,Guarino Giorgio (Avellino),Longobardi Gaetano (Salerno),Pisani Luigi (Nocera Inferiore),Napoli,home,18,De Michele,2009,bench,no,,
2026-10-10,Primavera 2,4,Stadio G. Piccolo-Cercola (NA),11:30,Napoli,Pisa,1-0,3-4-2-1,4-4-2,Nocerino Antonio,Veloso Miguel,Guarino Giorgio (Avellino),Longobardi Gaetano (Salerno),Pisani Luigi (Nocera Inferiore),Napoli,home,19,Pepe,2008,bench,no,,
2026-10-10,Primavera 2,4,Stadio G. Piccolo-Cercola (NA),11:30,Napoli,Pisa,1-0,3-4-2-1,4-4-2,Nocerino Antonio,Veloso Miguel,Guarino Giorgio (Avellino),Longobardi Gaetano (Salerno),Pisani Luigi (Nocera Inferiore),Napoli,home,20,Favicchio,2008,bench,no,,
2026-10-10,Primavera 2,4,Stadio G. Piccolo-Cercola (NA),11:30,Napoli,Pisa,1-0,3-4-2-1,4-4-2,Nocerino Antonio,Veloso Miguel,Guarino Giorgio (Avellino),Longobardi Gaetano (Salerno),Pisani Luigi (Nocera Inferiore),Napoli,home,21,Mané,2009,bench,no,74,
2026-10-10,Primavera 2,4,Stadio G. Piccolo-Cercola (NA),11:30,Napoli,Pisa,1-0,3-4-2-1,4-4-2,Nocerino Antonio,Veloso Miguel,Guarino Giorgio (Avellino),Longobardi Gaetano (Salerno),Pisani Luigi (Nocera Inferiore),Napoli,home,22,Russo,2009,bench,no,,
2026-10-10,Primavera 2,4,Stadio G. Piccolo-Cercola (NA),11:30,Napoli,Pisa,1-0,3-4-2-1,4-4-2,Nocerino Antonio,Veloso Miguel,Guarino Giorgio (Avellino),Longobardi Gaetano (Salerno),Pisani Luigi (Nocera Inferiore),Napoli,home,23,,,blank on sheet,no,,
2026-10-10,Primavera 2,4,Stadio G. Piccolo-Cercola (NA),11:30,Napoli,Pisa,1-0,3-4-2-1,4-4-2,Nocerino Antonio,Veloso Miguel,Guarino Giorgio (Avellino),Longobardi Gaetano (Salerno),Pisani Luigi (Nocera Inferiore),Pisa,away,1,Sebastiano,2009,listed,yes,,GK
2026-10-10,Primavera 2,4,Stadio G. Piccolo-Cercola (NA),11:30,Napoli,Pisa,1-0,3-4-2-1,4-4-2,Nocerino Antonio,Veloso Miguel,Guarino Giorgio (Avellino),Longobardi Gaetano (Salerno),Pisani Luigi (Nocera Inferiore),Pisa,away,2,Bernardini,2009,listed,yes,,RB
2026-10-10,Primavera 2,4,Stadio G. Piccolo-Cercola (NA),11:30,Napoli,Pisa,1-0,3-4-2-1,4-4-2,Nocerino Antonio,Veloso Miguel,Guarino Giorgio (Avellino),Longobardi Gaetano (Salerno),Pisani Luigi (Nocera Inferiore),Pisa,away,3,Neri,2009,listed,yes,,RCB
2026-10-10,Primavera 2,4,Stadio G. Piccolo-Cercola (NA),11:30,Napoli,Pisa,1-0,3-4-2-1,4-4-2,Nocerino Antonio,Veloso Miguel,Guarino Giorgio (Avellino),Longobardi Gaetano (Salerno),Pisani Luigi (Nocera Inferiore),Pisa,away,4,Bendinelli,2008,captain (K),yes,,LCB
2026-10-10,Primavera 2,4,Stadio G. Piccolo-Cercola (NA),11:30,Napoli,Pisa,1-0,3-4-2-1,4-4-2,Nocerino Antonio,Veloso Miguel,Guarino Giorgio (Avellino),Longobardi Gaetano (Salerno),Pisani Luigi (Nocera Inferiore),Pisa,away,5,Serafini,2009,listed,yes,,LB
2026-10-10,Primavera 2,4,Stadio G. Piccolo-Cercola (NA),11:30,Napoli,Pisa,1-0,3-4-2-1,4-4-2,Nocerino Antonio,Veloso Miguel,Guarino Giorgio (Avellino),Longobardi Gaetano (Salerno),Pisani Luigi (Nocera Inferiore),Pisa,away,6,Rocca,2009,listed,yes,,RM
2026-10-10,Primavera 2,4,Stadio G. Piccolo-Cercola (NA),11:30,Napoli,Pisa,1-0,3-4-2-1,4-4-2,Nocerino Antonio,Veloso Miguel,Guarino Giorgio (Avellino),Longobardi Gaetano (Salerno),Pisani Luigi (Nocera Inferiore),Pisa,away,7,Landucci,2008,listed,yes,,RCM
2026-10-10,Primavera 2,4,Stadio G. Piccolo-Cercola (NA),11:30,Napoli,Pisa,1-0,3-4-2-1,4-4-2,Nocerino Antonio,Veloso Miguel,Guarino Giorgio (Avellino),Longobardi Gaetano (Salerno),Pisani Luigi (Nocera Inferiore),Pisa,away,8,Lucarelli,2008,listed,yes,,LCM
2026-10-10,Primavera 2,4,Stadio G. Piccolo-Cercola (NA),11:30,Napoli,Pisa,1-0,3-4-2-1,4-4-2,Nocerino Antonio,Veloso Miguel,Guarino Giorgio (Avellino),Longobardi Gaetano (Salerno),Pisani Luigi (Nocera Inferiore),Pisa,away,9,Mocanu,2008,vice-captain (VK),yes,,LM
2026-10-10,Primavera 2,4,Stadio G. Piccolo-Cercola (NA),11:30,Napoli,Pisa,1-0,3-4-2-1,4-4-2,Nocerino Antonio,Veloso Miguel,Guarino Giorgio (Avellino),Longobardi Gaetano (Salerno),Pisani Luigi (Nocera Inferiore),Pisa,away,10,Mainardi,2008,listed,yes,,ST
2026-10-10,Primavera 2,4,Stadio G. Piccolo-Cercola (NA),11:30,Napoli,Pisa,1-0,3-4-2-1,4-4-2,Nocerino Antonio,Veloso Miguel,Guarino Giorgio (Avellino),Longobardi Gaetano (Salerno),Pisani Luigi (Nocera Inferiore),Pisa,away,11,Masini,2009,listed,yes,,ST
2026-10-10,Primavera 2,4,Stadio G. Piccolo-Cercola (NA),11:30,Napoli,Pisa,1-0,3-4-2-1,4-4-2,Nocerino Antonio,Veloso Miguel,Guarino Giorgio (Avellino),Longobardi Gaetano (Salerno),Pisani Luigi (Nocera Inferiore),Pisa,away,12,Paolini,2009,bench,no,,
2026-10-10,Primavera 2,4,Stadio G. Piccolo-Cercola (NA),11:30,Napoli,Pisa,1-0,3-4-2-1,4-4-2,Nocerino Antonio,Veloso Miguel,Guarino Giorgio (Avellino),Longobardi Gaetano (Salerno),Pisani Luigi (Nocera Inferiore),Pisa,away,13,Bertacca,2009,bench,no,,
2026-10-10,Primavera 2,4,Stadio G. Piccolo-Cercola (NA),11:30,Napoli,Pisa,1-0,3-4-2-1,4-4-2,Nocerino Antonio,Veloso Miguel,Guarino Giorgio (Avellino),Longobardi Gaetano (Salerno),Pisani Luigi (Nocera Inferiore),Pisa,away,14,Lenzoni,2009,bench,no,,
2026-10-10,Primavera 2,4,Stadio G. Piccolo-Cercola (NA),11:30,Napoli,Pisa,1-0,3-4-2-1,4-4-2,Nocerino Antonio,Veloso Miguel,Guarino Giorgio (Avellino),Longobardi Gaetano (Salerno),Pisani Luigi (Nocera Inferiore),Pisa,away,15,Bolognini,2008,bench,no,,
2026-10-10,Primavera 2,4,Stadio G. Piccolo-Cercola (NA),11:30,Napoli,Pisa,1-0,3-4-2-1,4-4-2,Nocerino Antonio,Veloso Miguel,Guarino Giorgio (Avellino),Longobardi Gaetano (Salerno),Pisani Luigi (Nocera Inferiore),Pisa,away,16,Minisini,2009,bench,no,,
2026-10-10,Primavera 2,4,Stadio G. Piccolo-Cercola (NA),11:30,Napoli,Pisa,1-0,3-4-2-1,4-4-2,Nocerino Antonio,Veloso Miguel,Guarino Giorgio (Avellino),Longobardi Gaetano (Salerno),Pisani Luigi (Nocera Inferiore),Pisa,away,17,Ietro,2008,bench,no,,
2026-10-10,Primavera 2,4,Stadio G. Piccolo-Cercola (NA),11:30,Napoli,Pisa,1-0,3-4-2-1,4-4-2,Nocerino Antonio,Veloso Miguel,Guarino Giorgio (Avellino),Longobardi Gaetano (Salerno),Pisani Luigi (Nocera Inferiore),Pisa,away,18,Menicucci,2008,bench,no,,
2026-10-10,Primavera 2,4,Stadio G. Piccolo-Cercola (NA),11:30,Napoli,Pisa,1-0,3-4-2-1,4-4-2,Nocerino Antonio,Veloso Miguel,Guarino Giorgio (Avellino),Longobardi Gaetano (Salerno),Pisani Luigi (Nocera Inferiore),Pisa,away,19,Saviozzi,2009,bench,no,,
2026-10-10,Primavera 2,4,Stadio G. Piccolo-Cercola (NA),11:30,Napoli,Pisa,1-0,3-4-2-1,4-4-2,Nocerino Antonio,Veloso Miguel,Guarino Giorgio (Avellino),Longobardi Gaetano (Salerno),Pisani Luigi (Nocera Inferiore),Pisa,away,20,Tuon,2008,bench,no,,
2026-10-10,Primavera 2,4,Stadio G. Piccolo-Cercola (NA),11:30,Napoli,Pisa,1-0,3-4-2-1,4-4-2,Nocerino Antonio,Veloso Miguel,Guarino Giorgio (Avellino),Longobardi Gaetano (Salerno),Pisani Luigi (Nocera Inferiore),Pisa,away,21,Ribechini,2008,bench,no,,
2026-10-10,Primavera 2,4,Stadio G. Piccolo-Cercola (NA),11:30,Napoli,Pisa,1-0,3-4-2-1,4-4-2,Nocerino Antonio,Veloso Miguel,Guarino Giorgio (Avellino),Longobardi Gaetano (Salerno),Pisani Luigi (Nocera Inferiore),Pisa,away,22,Ghizzani,2009,bench,no,,
2026-10-10,Primavera 2,4,Stadio G. Piccolo-Cercola (NA),11:30,Napoli,Pisa,1-0,3-4-2-1,4-4-2,Nocerino Antonio,Veloso Miguel,Guarino Giorgio (Avellino),Longobardi Gaetano (Salerno),Pisani Luigi (Nocera Inferiore),Pisa,away,23,Miglianti,2008,bench,no,,
