team,player,passes,pass_acc_pct,prog_passes,key_passes,shots,on_target,goals,xG,interceptions,recoveries,clearances,blocks,duels_won,duels,fouls,balls_lost,saves,yellow
Pisa,Bendinelli,85,94,4,0,2,0,0,0.15,11,8,5,1,7,11,3,0,0,1
Pisa,Serafini,70,69,2,0,0,0,0,0.00,19,3,5,1,5,6,3,1,0,0
Pisa,Lenzoni,62,87,1,0,0,0,0,0.00,6,1,6,3,7,8,3,0,0,0
Pisa,Bernardini,61,74,4,1,0,0,0,0.00,7,5,9,0,10,14,2,0,0,0
Pisa,Saviozzi,55,89,4,0,3,2,0,0.24,3,9,0,1,3,6,0,2,0,0
Pisa,Menicucci,36,86,6,0,0,0,0,0.00,4,5,0,0,0,3,1,0,0,0
Pisa,Ribechini,28,68,1,0,2,1,0,0.09,1,8,0,0,2,6,2,5,0,0
Pisa,Paolini,27,70,0,0,0,0,0,0.00,0,1,1,0,0,0,0,0,9,0
Pisa,Landucci,25,72,1,1,0,0,0,0.00,4,5,0,0,4,4,0,1,0,0
Pisa,Mocanu,20,75,4,3,2,0,0,0.40,1,6,0,0,0,14,2,3,0,1
Pisa,Mainardi,15,73,1,0,0,0,0,0.00,0,3,0,0,1,2,0,2,0,0
Pisa,Masini,15,80,0,0,0,0,0,0.00,0,0,0,1,1,1,0,0,0,0
Pisa,Lucarelli,14,64,0,0,2,2,1,0.11,1,2,0,0,2,8,1,7,0,1
Pisa,Ghizzani,13,62,2,2,2,1,1,0.31,0,2,1,0,2,14,0,1,0,0
Pisa,Neri,6,67,2,0,0,0,0,0.00,0,0,0,0,2,2,0,0,0,0
Pisa,Paoletti,3,100,0,0,0,0,0,0.00,1,1,0,0,0,4,0,1,0,0
Pisa,player unclear,24,88,1,0,0,0,0,0.00,2,4,2,0,1,1,0,0,0,0
Perugia,Malfatti,75,85,3,2,3,0,0,0.10,8,14,0,0,7,7,2,1,0,0
Perugia,Peruzzi,62,97,3,0,0,0,0,0.00,2,8,12,2,12,13,1,0,0,0
Perugia,Cesarini,59,88,5,1,1,0,0,0.16,3,5,7,1,9,9,1,0,0,0
Perugia,Bevanati,59,68,3,1,0,0,0,0.00,11,5,4,2,8,11,0,1,0,0
Perugia,Perugini,46,78,2,1,4,2,0,0.25,2,7,0,1,2,5,1,5,0,0
Perugia,Vanni,45,93,3,1,1,1,0,0.03,4,6,1,0,4,6,2,3,0,0
Perugia,Buonafede,44,64,2,0,1,1,1,0.20,10,2,5,4,12,12,4,0,0,0
Perugia,Ciani,33,82,4,2,3,1,0,0.25,3,5,1,1,2,13,2,1,0,0
Perugia,Strappini,33,79,2,0,0,0,0,0.00,0,6,3,0,0,0,0,0,2,0
Perugia,Merico,27,78,5,1,7,6,2,0.57,1,5,0,0,2,4,4,3,0,0
Perugia,Ximenez Fasanella,20,70,1,1,0,0,0,0.00,2,3,0,0,0,2,0,0,0,0
Perugia,Sheji,14,57,1,1,4,3,0,0.19,2,2,0,0,6,18,3,1,0,1
Perugia,Raffaelli,7,57,1,0,0,0,0,0.00,2,0,0,0,0,4,1,1,0,1
Perugia,Giambarveri,7,29,0,0,0,0,0,0.00,2,1,0,0,0,1,0,0,0,0
Perugia,Pierangelini,3,100,0,0,0,0,0,0.00,1,1,0,0,0,0,0,0,0,0
Perugia,Calva,2,100,0,0,0,0,0,0.00,0,0,0,0,0,1,0,0,0,0
Perugia,player unclear,38,92,2,0,2,2,0,0.16,4,2,0,1,1,1,0,0,0,0
